{
  "$schema": "./node_modules/@angular/cli/lib/config/schema.json",
  "project": {
    "name": "plan-managment"
  },
  "apps": [
    {
      "root": "src",
      "outDir": "dist",
      "assets": [
        "assets",
        "favicon.ico"
      ],
      "index": "index.html",
      "main": "main.ts",
      "polyfills": "polyfills.ts",
      "test": "test.ts",
      "tsconfig": "tsconfig.app.json",
      "testTsconfig": "tsconfig.spec.json",
      "prefix": "app",
      "styles": [
        "styles.css",
        "../node_modules/bootstrap/dist/css/bootstrap.css",
        "../src/assets/plugins/font-awesome/css/font-awesome.min.css",
        "../src/assets/plugins/uniform/css/uniform.default.css",
        "../src/assets/css/style-metronic.css",
        "../src/assets/css/style.css",
        "../src/assets/css/style-responsive.css",
        "../src/assets/css/plugins.css",
        "../src/assets/css/themes/default.css",
        "../src/assets/css/pages/login-soft.css",
        "../src/assets/css/custom.css"

      ],
      "scripts": ["../node_modules/jquery/dist/jquery.js",
        "../node_modules/bootstrap/dist/js/bootstrap.js",
       "../src/assets/plugins/jquery-migrate-1.2.1.min.js",
        "../src/assets/plugins/bootstrap-hover-dropdown/bootstrap-hover-dropdown.min.js",
        "../src/assets/plugins/jquery-slimscroll/jquery.slimscroll.min.js",
        "../src/assets/plugins/jquery.blockui.min.js",
        "../src/assets/plugins/jquery.cokie.min.js",
        "../src/assets/plugins/uniform/jquery.uniform.min.js",
        "../src/assets/plugins/jquery-validation/dist/jquery.validate.min.js" ,
        "../src/assets/plugins/backstretch/jquery.backstretch.min.js",
        "../src/assets/scripts/core/app.js" ,
        "../src/assets/scripts/custom/login-soft.js"],
      "environmentSource": "environments/environment.ts",
      "environments": {
        "dev": "environments/environment.ts",
        "prod": "environments/environment.prod.ts"
      }
    }
  ],
  "e2e": {
    "protractor": {
      "config": "./protractor.conf.js"
    }
  },
  "lint": [
    {
      "project": "src/tsconfig.app.json",
      "exclude": "**/node_modules/**"
    },
    {
      "project": "src/tsconfig.spec.json",
      "exclude": "**/node_modules/**"
    },
    {
      "project": "e2e/tsconfig.e2e.json",
      "exclude": "**/node_modules/**"
    }
  ],
  "test": {
    "karma": {
      "config": "./karma.conf.js"
    }
  },
  "defaults": {
    "styleExt": "css",
    "component": {}
  }
}
